experiment,configuration,n,swiglu_in0_block_w,down_projection_110_cores,mean_ttft_s,stddev_ttft_s,ci_low_ttft_s,ci_high_ttft_s,mean_total_s,stddev_total_s,ci_low_total_s,ci_high_total_s,mean_decode_tps,stddev_decode_tps,ci_low_decode_tps,ci_high_decode_tps,mean_e2e_tps,stddev_e2e_tps,ci_low_e2e_tps,ci_high_e2e_tps,completion_text_sha256_12,baseline_configuration,decode_change_pct,decode_welch_p,e2e_change_pct,e2e_welch_p
swiglu_k_blocking,k_block_2,32,2,false,0.0583340415,0.00042386499996967204,0.05818122187114488,0.05848686112885513,4.92122588909375,0.07517904763426851,4.8941209520077145,4.948330826179786,26.122165093869942,0.40215171559524143,25.977173938843897,26.267156248895986,26.015640820426334,0.396089264801171,25.872835411995005,26.158446228857663,5119e79e42b5,,nan,nan,nan,nan
swiglu_k_blocking,k_block_4,32,4,false,0.0582441308125,0.00028156589091038215,0.058142615483444134,0.05834564614155587,4.90776495378125,0.06309100539525231,4.885018220672149,4.930511686890351,26.19240675721702,0.3379865933644191,26.070549595715946,26.314263918718098,26.085267401895873,0.3331666648803924,25.9651480099254,26.205386793866346,c917933082e3,k_block_2,0.26889678973647246,0.4523643590397418,0.26763354379828463,0.44963674578314394
down_projection,110_core_specialization,32,4,true,0.05845353065625,0.0015022945619419092,0.05791189570785025,0.058995165604649756,4.63513141928125,0.05395392486584239,4.615678954996949,4.654583883565551,27.753179005547025,0.33007899355535963,27.634172837801135,27.872185173292916,27.618815885880657,0.3222281858379794,27.50264023615741,27.734991535603903,c041ccb1901d,k_block_4,5.958872977184315,3.736657907319986e-27,5.878983183715891,3.518579776013507e-27
