implementation,release,server_commit,container_image,tt_metal_commit,vllm_commit,n,mean_decode_tps,stddev_decode_tps,median_decode_tps,min_decode_tps,max_decode_tps,ci_low_decode_tps,ci_high_decode_tps,mean_e2e_tps,stddev_e2e_tps,median_e2e_tps,min_e2e_tps,max_e2e_tps,ci_low_e2e_tps,ci_high_e2e_tps,mean_ttft_s,stddev_ttft_s,median_ttft_s,min_ttft_s,max_ttft_s,ci_low_ttft_s,ci_high_ttft_s,mean_total_s,stddev_total_s,median_total_s,min_total_s,max_total_s,ci_low_total_s,ci_high_total_s,libtt_decode_tps_speedup_pct,decode_tps_welch_p,libtt_e2e_tps_speedup_pct,e2e_tps_welch_p,libtt_ttft_s_reduction_pct,ttft_s_welch_p,libtt_total_s_reduction_pct,total_s_welch_p,libtt_commit,completion_text_sha256_12
upstream tt-inference-server,v0.10.0,4be69a67c7183bf76052d4a6f64a42ac93b71ac5,0.10.0-e867533-22be241,e867533,22be241,32,24.887405849767386,0.5323770465187123,24.960297908936845,23.903781785337895,25.8712300660754,24.69546345616141,25.079348243373364,24.775516793663005,0.5236491982436622,24.85291668962649,23.802956088670346,25.74735069250681,24.58672112492035,24.964312462405662,0.06338150196875,0.0020966377043920934,0.062675217,0.060928997,0.070873097,0.06262558346674633,0.06413742047075367,5.1686377703125,0.10976983366437128,5.150314159500001,4.971385271,5.377483348,5.1290615249483436,5.208214015676657,11.514953278292062,2.7730210282481124e-31,11.476245342922176,2.02468413992771e-31,7.77509393029171,2.4295195782677523e-15,10.321991494462846,7.565522176411704e-28,37d5460,37becb7c58d6
