implementation,release,server_commit,container_image,tt_metal_commit,vllm_commit,n,mean_tps,stddev_tps,median_tps,min_tps,max_tps,ci_low_tps,ci_high_tps,mean_latency_s,stddev_latency_s,upstream_speedup_vs_libtt_v0_pct,upstream_speedup_vs_libtt_latest_pct,welch_p_vs_libtt_v0,welch_p_vs_libtt_latest,completion_text_sha256_12
upstream tt-inference-server,v0.10.0,4be69a67c7183bf76052d4a6f64a42ac93b71ac5,0.10.0-e867533-22be241,e867533,22be241,32,24.14761178220962,0.4121189578786069,24.167802695314336,23.467488762132362,24.88575915696554,23.99902705312919,24.29619651129005,5.3022285326875,0.09057461341601301,48.46683054315481,-7.560767971956661,4.2083963063825735e-47,3.1013825793286387e-28,37becb7c58d6
